[
    {
      "country": "Afganistán",
      "dial_code": "+93",
      "code": "AF",
      "flag": "https://flagcdn.com/af.svg",
      "emoji": "🇦🇫",
      "latinAmerica": false
    },
    {
      "country": "Albania",
      "dial_code": "+355",
      "code": "AL",
      "flag": "https://flagcdn.com/al.svg",
      "emoji": "🇦🇱",
      "latinAmerica": false
    },
    {
      "country": "Alemania",
      "dial_code": "+49",
      "code": "DE",
      "flag": "https://flagcdn.com/de.svg",
      "emoji": "🇩🇪",
      "latinAmerica": false
    },
    {
      "country": "Andorra",
      "dial_code": "+376",
      "code": "AD",
      "flag": "https://flagcdn.com/ad.svg",
      "emoji": "🇦🇩",
      "latinAmerica": false
    },
    {
      "country": "Angola",
      "dial_code": "+244",
      "code": "AO",
      "flag": "https://flagcdn.com/ao.svg",
      "emoji": "🇦🇴",
      "latinAmerica": false
    },
    {
      "country": "Antigua y Barbuda",
      "dial_code": "+1 268",
      "code": "AG",
      "flag": "https://flagcdn.com/ag.svg",
      "emoji": "🇦🇬",
      "latinAmerica": false
    },
    {
      "country": "Arabia Saudita",
      "dial_code": "+966",
      "code": "SA",
      "flag": "https://flagcdn.com/sa.svg",
      "emoji": "🇸🇦",
      "latinAmerica": false
    },
    {
      "country": "Argelia",
      "dial_code": "+213",
      "code": "DZ",
      "flag": "https://flagcdn.com/dz.svg",
      "emoji": "🇩🇿",
      "latinAmerica": false
    },
    {
      "country": "Argentina",
      "dial_code": "+54",
      "code": "AR",
      "flag": "https://flagcdn.com/ar.svg",
      "emoji": "🇦🇷",
      "latinAmerica": true
    },
    {
      "country": "Armenia",
      "dial_code": "+374",
      "code": "AM",
      "flag": "https://flagcdn.com/am.svg",
      "emoji": "🇦🇲",
      "latinAmerica": false
    },
    {
      "country": "Australia",
      "dial_code": "+61",
      "code": "AU",
      "flag": "https://flagcdn.com/au.svg",
      "emoji": "🇦🇺",
      "latinAmerica": false
    },
    {
      "country": "Austria",
      "dial_code": "+43",
      "code": "AT",
      "flag": "https://flagcdn.com/at.svg",
      "emoji": "🇦🇹",
      "latinAmerica": false
    },
    {
      "country": "Azerbaiyán",
      "dial_code": "+994",
      "code": "AZ",
      "flag": "https://flagcdn.com/az.svg",
      "emoji": "🇦🇿",
      "latinAmerica": false
    },
    {
      "country": "Bahamas",
      "dial_code": "+1 242",
      "code": "BS",
      "flag": "https://flagcdn.com/bs.svg",
      "emoji": "🇧🇸",
      "latinAmerica": false
    },
    {
      "country": "Bangladés",
      "dial_code": "+880",
      "code": "BD",
      "flag": "https://flagcdn.com/bd.svg",
      "emoji": "🇧🇩",
      "latinAmerica": false
    },
    {
      "country": "Barbados",
      "dial_code": "+1 246",
      "code": "BB",
      "flag": "https://flagcdn.com/bb.svg",
      "emoji": "🇧🇧",
      "latinAmerica": false
    },
    {
      "country": "Baréin",
      "dial_code": "+973",
      "code": "BH",
      "flag": "https://flagcdn.com/bh.svg",
      "emoji": "🇧🇭",
      "latinAmerica": false
    },
    {
      "country": "Bélgica",
      "dial_code": "+32",
      "code": "BE",
      "flag": "https://flagcdn.com/be.svg",
      "emoji": "🇧🇪",
      "latinAmerica": false
    },
    {
      "country": "Belice",
      "dial_code": "+501",
      "code": "BZ",
      "flag": "https://flagcdn.com/bz.svg",
      "emoji": "🇧🇿",
      "latinAmerica": false
    },
    {
      "country": "Benín",
      "dial_code": "+229",
      "code": "BJ",
      "flag": "https://flagcdn.com/bj.svg",
      "emoji": "🇧🇯",
      "latinAmerica": false
    },
    {
      "country": "Bielorrusia",
      "dial_code": "+375",
      "code": "BY",
      "flag": "https://flagcdn.com/by.svg",
      "emoji": "🇧🇾",
      "latinAmerica": false
    },
    {
      "country": "Birmania",
      "dial_code": "+95",
      "code": "MM",
      "flag": "https://flagcdn.com/mm.svg",
      "emoji": "🇲🇲",
      "latinAmerica": false
    },
    {
      "country": "Bolivia",
      "dial_code": "+591",
      "code": "BO",
      "flag": "https://flagcdn.com/bo.svg",
      "emoji": "🇧🇴",
      "latinAmerica": true
    },
    {
      "country": "Bosnia y Herzegovina",
      "dial_code": "+387",
      "code": "BA",
      "flag": "https://flagcdn.com/ba.svg",
      "emoji": "🇧🇦",
      "latinAmerica": false
    },
    {
      "country": "Botsuana",
      "dial_code": "+267",
      "code": "BW",
      "flag": "https://flagcdn.com/bw.svg",
      "emoji": "🇧🇼",
      "latinAmerica": false
    },
    {
      "country": "Brasil",
      "dial_code": "+55",
      "code": "BR",
      "flag": "https://flagcdn.com/br.svg",
      "emoji": "🇧🇷",
      "latinAmerica": true
    },
    {
      "country": "Brunéi",
      "dial_code": "+673",
      "code": "BN",
      "flag": "https://flagcdn.com/bn.svg",
      "emoji": "🇧🇳",
      "latinAmerica": false
    },
    {
      "country": "Bulgaria",
      "dial_code": "+359",
      "code": "BG",
      "flag": "https://flagcdn.com/bg.svg",
      "emoji": "🇧🇬",
      "latinAmerica": false
    },
    {
      "country": "Burkina Faso",
      "dial_code": "+226",
      "code": "BF",
      "flag": "https://flagcdn.com/bf.svg",
      "emoji": "🇧🇫",
      "latinAmerica": false
    },
    {
      "country": "Burundi",
      "dial_code": "+257",
      "code": "BI",
      "flag": "https://flagcdn.com/bi.svg",
      "emoji": "🇧🇮",
      "latinAmerica": false
    },
    {
      "country": "Bután",
      "dial_code": "+975",
      "code": "BT",
      "flag": "https://flagcdn.com/bt.svg",
      "emoji": "🇧🇹",
      "latinAmerica": false
    },
    {
      "country": "Cabo Verde",
      "dial_code": "+238",
      "code": "CV",
      "flag": "https://flagcdn.com/cv.svg",
      "emoji": "🇨🇻",
      "latinAmerica": false
    },
    {
      "country": "Camboya",
      "dial_code": "+855",
      "code": "KH",
      "flag": "https://flagcdn.com/kh.svg",
      "emoji": "🇰🇭",
      "latinAmerica": false
    },
    {
      "country": "Camerún",
      "dial_code": "+237",
      "code": "CM",
      "flag": "https://flagcdn.com/cm.svg",
      "emoji": "🇨🇲",
      "latinAmerica": false
    },
    {
      "country": "Canadá",
      "dial_code": "+1",
      "code": "CA",
      "flag": "https://flagcdn.com/ca.svg",
      "emoji": "🇨🇦",
      "latinAmerica": false
    },
    {
      "country": "Catar",
      "dial_code": "+974",
      "code": "QA",
      "flag": "https://flagcdn.com/qa.svg",
      "emoji": "🇶🇦",
      "latinAmerica": false
    },
    {
      "country": "Chad",
      "dial_code": "+235",
      "code": "TD",
      "flag": "https://flagcdn.com/td.svg",
      "emoji": "🇹🇩",
      "latinAmerica": false
    },
    {
      "country": "Chile",
      "dial_code": "+56",
      "code": "CL",
      "flag": "https://flagcdn.com/cl.svg",
      "emoji": "🇨🇱",
      "latinAmerica": true
    },
    {
      "country": "China",
      "dial_code": "+86",
      "code": "CN",
      "flag": "https://flagcdn.com/cn.svg",
      "emoji": "🇨🇳",
      "latinAmerica": false
    },
    {
      "country": "Chipre",
      "dial_code": "+357",
      "code": "CY",
      "flag": "https://flagcdn.com/cy.svg",
      "emoji": "🇨🇾",
      "latinAmerica": false
    },
    {
      "country": "Colombia",
      "dial_code": "+57",
      "code": "CO",
      "flag": "https://flagcdn.com/co.svg",
      "emoji": "🇨🇴",
      "latinAmerica": true
    },
    {
      "country": "Comoras",
      "dial_code": "+269",
      "code": "KM",
      "flag": "https://flagcdn.com/km.svg",
      "emoji": "🇰🇲",
      "latinAmerica": false
    },
    {
      "country": "Congo",
      "dial_code": "+242",
      "code": "CG",
      "flag": "https://flagcdn.com/cg.svg",
      "emoji": "🇨🇬",
      "latinAmerica": false
    },
    {
      "country": "Corea del Norte",
      "dial_code": "+850",
      "code": "KP",
      "flag": "https://flagcdn.com/kp.svg",
      "emoji": "🇰🇵",
      "latinAmerica": false
    },
    {
      "country": "Corea del Sur",
      "dial_code": "+82",
      "code": "KR",
      "flag": "https://flagcdn.com/kr.svg",
      "emoji": "🇰🇷",
      "latinAmerica": false
    },
    {
      "country": "Costa de Marfil",
      "dial_code": "+225",
      "code": "CI",
      "flag": "https://flagcdn.com/ci.svg",
      "emoji": "🇨🇮",
      "latinAmerica": false
    },
    {
      "country": "Costa Rica",
      "dial_code": "+506",
      "code": "CR",
      "flag": "https://flagcdn.com/cr.svg",
      "emoji": "🇨🇷",
      "latinAmerica": true
    },
    {
      "country": "Croacia",
      "dial_code": "+385",
      "code": "HR",
      "flag": "https://flagcdn.com/hr.svg",
      "emoji": "🇭🇷",
      "latinAmerica": false
    },
    {
      "country": "Cuba",
      "dial_code": "+53",
      "code": "CU",
      "flag": "https://flagcdn.com/cu.svg",
      "emoji": "🇨🇺",
      "latinAmerica": true
    },
    {
      "country": "Dinamarca",
      "dial_code": "+45",
      "code": "DK",
      "flag": "https://flagcdn.com/dk.svg",
      "emoji": "🇩🇰",
      "latinAmerica": false
    },
    {
      "country": "Dominica",
      "dial_code": "+1 767",
      "code": "DM",
      "flag": "https://flagcdn.com/dm.svg",
      "emoji": "🇩🇲",
      "latinAmerica": false
    },
    {
      "country": "Ecuador",
      "dial_code": "+593",
      "code": "EC",
      "flag": "https://flagcdn.com/ec.svg",
      "emoji": "🇪🇨",
      "latinAmerica": true
    },
    {
      "country": "Egipto",
      "dial_code": "+20",
      "code": "EG",
      "flag": "https://flagcdn.com/eg.svg",
      "emoji": "🇪🇬",
      "latinAmerica": false
    },
    {
      "country": "El Salvador",
      "dial_code": "+503",
      "code": "SV",
      "flag": "https://flagcdn.com/sv.svg",
      "emoji": "🇸🇻",
      "latinAmerica": true
    },
    {
      "country": "Emiratos Árabes Unidos",
      "dial_code": "+971",
      "code": "AE",
      "flag": "https://flagcdn.com/ae.svg",
      "emoji": "🇦🇪",
      "latinAmerica": false
    },
    {
      "country": "Eritrea",
      "dial_code": "+291",
      "code": "ER",
      "flag": "https://flagcdn.com/er.svg",
      "emoji": "🇪🇷",
      "latinAmerica": false
    },
    {
      "country": "Eslovaquia",
      "dial_code": "+421",
      "code": "SK",
      "flag": "https://flagcdn.com/sk.svg",
      "emoji": "🇸🇰",
      "latinAmerica": false
    },
    {
      "country": "Eslovenia",
      "dial_code": "+386",
      "code": "SI",
      "flag": "https://flagcdn.com/si.svg",
      "emoji": "🇸🇮",
      "latinAmerica": false
    },
    {
      "country": "España",
      "dial_code": "+34",
      "code": "ES",
      "flag": "https://flagcdn.com/es.svg",
      "emoji": "🇪🇸",
      "latinAmerica": false
    },
    {
      "country": "Estados Unidos",
      "dial_code": "+1",
      "code": "US",
      "flag": "https://flagcdn.com/us.svg",
      "emoji": "🇺🇸",
      "latinAmerica": false
    },
    {
      "country": "Estonia",
      "dial_code": "+372",
      "code": "EE",
      "flag": "https://flagcdn.com/ee.svg",
      "emoji": "🇪🇪",
      "latinAmerica": false
    },
    {
      "country": "Etiopía",
      "dial_code": "+251",
      "code": "ET",
      "flag": "https://flagcdn.com/et.svg",
      "emoji": "🇪🇹",
      "latinAmerica": false
    },
    {
      "country": "Filipinas",
      "dial_code": "+63",
      "code": "PH",
      "flag": "https://flagcdn.com/ph.svg",
      "emoji": "🇵🇭",
      "latinAmerica": false
    },
    {
      "country": "Finlandia",
      "dial_code": "+358",
      "code": "FI",
      "flag": "https://flagcdn.com/fi.svg",
      "emoji": "🇫🇮",
      "latinAmerica": false
    },
    {
      "country": "Fiyi",
      "dial_code": "+679",
      "code": "FJ",
      "flag": "https://flagcdn.com/fj.svg",
      "emoji": "🇫🇯",
      "latinAmerica": false
    },
    {
      "country": "Francia",
      "dial_code": "+33",
      "code": "FR",
      "flag": "https://flagcdn.com/fr.svg",
      "emoji": "🇫🇷",
      "latinAmerica": false
    },
    {
      "country": "Gabón",
      "dial_code": "+241",
      "code": "GA",
      "flag": "https://flagcdn.com/ga.svg",
      "emoji": "🇬🇦",
      "latinAmerica": false
    },
    {
      "country": "Gambia",
      "dial_code": "+220",
      "code": "GM",
      "flag": "https://flagcdn.com/gm.svg",
      "emoji": "🇬🇲",
      "latinAmerica": false
    },
    {
      "country": "Georgia",
      "dial_code": "+995",
      "code": "GE",
      "flag": "https://flagcdn.com/ge.svg",
      "emoji": "🇬🇪",
      "latinAmerica": false
    },
    {
      "country": "Ghana",
      "dial_code": "+233",
      "code": "GH",
      "flag": "https://flagcdn.com/gh.svg",
      "emoji": "🇬🇭",
      "latinAmerica": false
    },
    {
      "country": "Granada",
      "dial_code": "+1 473",
      "code": "GD",
      "flag": "https://flagcdn.com/gd.svg",
      "emoji": "🇬🇩",
      "latinAmerica": false
    },
    {
      "country": "Grecia",
      "dial_code": "+30",
      "code": "GR",
      "flag": "https://flagcdn.com/gr.svg",
      "emoji": "🇬🇷",
      "latinAmerica": false
    },
    {
      "country": "Guatemala",
      "dial_code": "+502",
      "code": "GT",
      "flag": "https://flagcdn.com/gt.svg",
      "emoji": "🇬🇹",
      "latinAmerica": true
    },
    {
      "country": "Guinea",
      "dial_code": "+224",
      "code": "GN",
      "flag": "https://flagcdn.com/gn.svg",
      "emoji": "🇬🇳",
      "latinAmerica": false
    },
    {
      "country": "Guinea-Bisáu",
      "dial_code": "+245",
      "code": "GW",
      "flag": "https://flagcdn.com/gw.svg",
      "emoji": "🇬🇼",
      "latinAmerica": false
    },
    {
      "country": "Guinea Ecuatorial",
      "dial_code": "+240",
      "code": "GQ",
      "flag": "https://flagcdn.com/gq.svg",
      "emoji": "🇬🇶",
      "latinAmerica": false
    },
    {
      "country": "Guyana",
      "dial_code": "+592",
      "code": "GY",
      "flag": "https://flagcdn.com/gy.svg",
      "emoji": "🇬🇾",
      "latinAmerica": false
    },
    {
      "country": "Haití",
      "dial_code": "+509",
      "code": "HT",
      "flag": "https://flagcdn.com/ht.svg",
      "emoji": "🇭🇹",
      "latinAmerica": true
    },
    {
      "country": "Honduras",
      "dial_code": "+504",
      "code": "HN",
      "flag": "https://flagcdn.com/hn.svg",
      "emoji": "🇭🇳",
      "latinAmerica": true
    },
    {
      "country": "Hungría",
      "dial_code": "+36",
      "code": "HU",
      "flag": "https://flagcdn.com/hu.svg",
      "emoji": "🇭🇺",
      "latinAmerica": false
    },
    {
      "country": "India",
      "dial_code": "+91",
      "code": "IN",
      "flag": "https://flagcdn.com/in.svg",
      "emoji": "🇮🇳",
      "latinAmerica": false
    },
    {
      "country": "Indonesia",
      "dial_code": "+62",
      "code": "ID",
      "flag": "https://flagcdn.com/id.svg",
      "emoji": "🇮🇩",
      "latinAmerica": false
    },
    {
      "country": "Irak",
      "dial_code": "+964",
      "code": "IQ",
      "flag": "https://flagcdn.com/iq.svg",
      "emoji": "🇮🇶",
      "latinAmerica": false
    },
    {
      "country": "Irán",
      "dial_code": "+98",
      "code": "IR",
      "flag": "https://flagcdn.com/ir.svg",
      "emoji": "🇮🇷",
      "latinAmerica": false
    },
    {
      "country": "Irlanda",
      "dial_code": "+353",
      "code": "IE",
      "flag": "https://flagcdn.com/ie.svg",
      "emoji": "🇮🇪",
      "latinAmerica": false
    },
    {
      "country": "Islandia",
      "dial_code": "+354",
      "code": "IS",
      "flag": "https://flagcdn.com/is.svg",
      "emoji": "🇮🇸",
      "latinAmerica": false
    },
    {
      "country": "Islas Marshall",
      "dial_code": "+692",
      "code": "MH",
      "flag": "https://flagcdn.com/mh.svg",
      "emoji": "🇲🇭",
      "latinAmerica": false
    },
    {
      "country": "Islas Salomón",
      "dial_code": "+677",
      "code": "SB",
      "flag": "https://flagcdn.com/sb.svg",
      "emoji": "🇸🇧",
      "latinAmerica": false
    },
    {
      "country": "Israel",
      "dial_code": "+972",
      "code": "IL",
      "flag": "https://flagcdn.com/il.svg",
      "emoji": "🇮🇱",
      "latinAmerica": false
    },
    {
      "country": "Italia",
      "dial_code": "+39",
      "code": "IT",
      "flag": "https://flagcdn.com/it.svg",
      "emoji": "🇮🇹",
      "latinAmerica": false
    },
    {
      "country": "Jamaica",
      "dial_code": "+1 876",
      "code": "JM",
      "flag": "https://flagcdn.com/jm.svg",
      "emoji": "🇯🇲",
      "latinAmerica": false
    },
    {
      "country": "Japón",
      "dial_code": "+81",
      "code": "JP",
      "flag": "https://flagcdn.com/jp.svg",
      "emoji": "🇯🇵",
      "latinAmerica": false
    },
    {
      "country": "Jordania",
      "dial_code": "+962",
      "code": "JO",
      "flag": "https://flagcdn.com/jo.svg",
      "emoji": "🇯🇴",
      "latinAmerica": false
    },
    {
      "country": "Kazajistán",
      "dial_code": "+7",
      "code": "KZ",
      "flag": "https://flagcdn.com/kz.svg",
      "emoji": "🇰🇿",
      "latinAmerica": false
    },
    {
      "country": "Kenia",
      "dial_code": "+254",
      "code": "KE",
      "flag": "https://flagcdn.com/ke.svg",
      "emoji": "🇰🇪",
      "latinAmerica": false
    },
    {
      "country": "Kirguistán",
      "dial_code": "+996",
      "code": "KG",
      "flag": "https://flagcdn.com/kg.svg",
      "emoji": "🇰🇬",
      "latinAmerica": false
    },
    {
      "country": "Kiribati",
      "dial_code": "+686",
      "code": "KI", 
      "flag": "https://flagcdn.com/ki.svg",
      "emoji": "🇰🇮",
      "latinAmerica": false
    },
    {
      "country": "Kuwait",
      "dial_code": "+965",
      "code": "KW",
      "flag": "https://flagcdn.com/kw.svg",
      "emoji": "🇰🇼",
      "latinAmerica": false
    },
    {
      "country": "Laos",
      "dial_code": "+856",
      "code": "LA", 
      "flag": "https://flagcdn.com/la.svg",
      "emoji": "🇱🇦",
      "latinAmerica": false
    },
    {
      "country": "Lesoto",
      "dial_code": "+266",
      "code": "LS", 
      "flag": "https://flagcdn.com/ls.svg",
      "emoji": "🇱🇸",
      "latinAmerica": false
    },
    {
      "country": "Letonia",
      "dial_code": "+371",
      "code": "LV",
      "flag": "https://flagcdn.com/lv.svg",
      "emoji": "🇱🇻",
      "latinAmerica": false
    },
    {
      "country": "Líbano",
      "dial_code": "+961",
      "code": "LB",
      "flag": "https://flagcdn.com/lb.svg",
      "emoji": "🇱🇧",
      "latinAmerica": false
    },
    {
      "country": "Liberia",
      "dial_code": "+231",
      "code": "LR",
      "flag": "https://flagcdn.com/lr.svg",
      "emoji": "🇱🇷",
      "latinAmerica": false
    },
    {
      "country": "Libia",
      "dial_code": "+218",
      "code": "LY",
      "flag": "https://flagcdn.com/ly.svg",
      "emoji": "🇱🇾",
      "latinAmerica": false
    },
    {
      "country": "Liechtenstein",
      "dial_code": "+423",
      "code": "LI",
      "flag": "https://flagcdn.com/li.svg",
      "emoji": "🇱🇮",
      "latinAmerica": false
    },
    {
      "country": "Lituania",
      "dial_code": "+370",
      "code": "LT",
      "flag": "https://flagcdn.com/lt.svg",
      "emoji": "🇱🇹",
      "latinAmerica": false
    },
    {
      "country": "Luxemburgo",
      "dial_code": "+352",
      "code": "LU",
      "flag": "https://flagcdn.com/lu.svg",
      "emoji": "🇱🇺",
      "latinAmerica": false
    },
    {
      "country": "Madagascar",
      "dial_code": "+261",
      "code": "MG",
      "flag": "https://flagcdn.com/mg.svg",
      "emoji": "🇲🇬",
      "latinAmerica": false
    },
    {
      "country": "Malasia",
      "dial_code": "+60",
      "code": "MY",
      "flag": "https://flagcdn.com/my.svg",
      "emoji": "🇲🇾",
      "latinAmerica": false
    },
    {
      "country": "Malaui",
      "dial_code": "+265",
      "code": "MW",
      "flag": "https://flagcdn.com/mw.svg",
      "emoji": "🇲🇼",
      "latinAmerica": false
    },
    {
      "country": "Maldivas",
      "dial_code": "+960",
      "code": "MV",
      "flag": "https://flagcdn.com/mv.svg",
      "emoji": "🇲🇻",
      "latinAmerica": false
    },
    {
      "country": "Malí",
      "dial_code": "+223",
      "code": "ML", 
      "flag": "https://flagcdn.com/ml.svg",
      "emoji": "🇲🇱",
      "latinAmerica": false
    },
    {
      "country": "Malta",
      "dial_code": "+356",
      "code": "MT",
      "flag": "https://flagcdn.com/mt.svg",
      "emoji": "🇲🇹",
      "latinAmerica": false
    },
    {
      "country": "Marruecos",
      "dial_code": "+212",
      "code": "MA",
      "flag": "https://flagcdn.com/ma.svg",
      "emoji": "🇲🇦",
      "latinAmerica": false
    },
    {
      "country": "Mauricio",
      "dial_code": "+230",
      "code": "MU",
      "flag": "https://flagcdn.com/mu.svg",
      "emoji": "🇲🇺",
      "latinAmerica": false
    },
    {
      "country": "Mauritania",
      "dial_code": "+222",
      "code": "MR", 
      "flag": "https://flagcdn.com/mr.svg",
      "emoji": "🇲🇷",
      "latinAmerica": false
    },
    {
      "country": "México",
      "dial_code": "+52",
      "code": "MX",
      "flag": "https://flagcdn.com/mx.svg",
      "emoji": "🇲🇽",
      "latinAmerica": true
    },
    {
      "country": "Micronesia",
      "dial_code": "+691",
      "code": "FM",
      "flag": "https://flagcdn.com/fm.svg",
      "emoji": "🇫🇲",
      "latinAmerica": false
    },
    {
      "country": "Moldavia",
      "dial_code": "+373",
      "code": "MD",
      "flag": "https://flagcdn.com/md.svg",
      "emoji": "🇲🇩",
      "latinAmerica": false
    },
    {
      "country": "Mónaco",
      "dial_code": "+377",
      "code": "MC",
      "flag": "https://flagcdn.com/mc.svg",
      "emoji": "🇲🇨",
      "latinAmerica": false
    },
    {
      "country": "Mongolia",
      "dial_code": "+976",
      "code": "MN",
      "flag": "https://flagcdn.com/mn.svg",
      "emoji": "🇲🇳",
      "latinAmerica": false
    },
    {
      "country": "Montenegro",
      "dial_code": "+382",
      "code": "ME",
      "flag": "https://flagcdn.com/me.svg",
      "emoji": "🇲🇪",
      "latinAmerica": false
    },
    {
      "country": "Mozambique",
      "dial_code": "+258",
      "code": "MZ",
      "flag": "https://flagcdn.com/mz.svg",
      "emoji": "🇲🇿",
      "latinAmerica": false
    },
    {
      "country": "Namibia",
      "dial_code": "+264",
      "code": "NA",
      "flag": "https://flagcdn.com/na.svg",
      "emoji": "🇳🇦",
      "latinAmerica": false
    },
    {
      "country": "Nauru",
      "dial_code": "+674",
      "code": "NR",
      "flag": "https://flagcdn.com/nr.svg",
      "emoji": "🇳🇷",
      "latinAmerica": false
    },
    {
      "country": "Nepal",
      "dial_code": "+977",
      "code": "NP",
      "flag": "https://flagcdn.com/np.svg",
      "emoji": "🇳🇵",
      "latinAmerica": false
    },
    {
      "country": "Nicaragua",
      "dial_code": "+505",
      "code": "NI",
      "flag": "https://flagcdn.com/ni.svg",
      "emoji": "🇳🇮",
      "latinAmerica": true
    },
    {
      "country": "Níger",
      "dial_code": "+227",
      "code": "NE",
      "flag": "https://flagcdn.com/ne.svg",
      "emoji": "🇳🇪",
      "latinAmerica": false
    },
    {
      "country": "Nigeria",
      "dial_code": "+234",
      "code": "NG",
      "flag": "https://flagcdn.com/ng.svg",
      "emoji": "🇳🇬",
      "latinAmerica": false
    },
    {
      "country": "Noruega",
      "dial_code": "+47",
      "code": "NO",
      "flag": "https://flagcdn.com/no.svg",
      "emoji": "🇳🇴",
      "latinAmerica": false
    },
    {
      "country": "Nueva Zelanda",
      "dial_code": "+64",
      "code": "NZ",
      "flag": "https://flagcdn.com/nz.svg",
      "emoji": "🇳🇿",
      "latinAmerica": false
    },
    {
      "country": "Omán",
      "dial_code": "+968",
      "code": "OM",
      "flag": "https://flagcdn.com/om.svg",
      "emoji": "🇴🇲",
      "latinAmerica": false
    },
    {
      "country": "Países Bajos",
      "dial_code": "+31",
      "code": "NL",
      "flag": "https://flagcdn.com/nl.svg",
      "emoji": "🇳🇱",
      "latinAmerica": false
    },
    {
      "country": "Pakistán",
      "dial_code": "+92",
      "code": "PK",
      "flag": "https://flagcdn.com/pk.svg",
      "emoji": "🇵🇰",
      "latinAmerica": false
    },
    {
      "country": "Palaos",
      "dial_code": "+680",
      "code": "PW",
      "flag": "https://flagcdn.com/pw.svg",
      "emoji": "🇵🇼",
      "latinAmerica": false
    },
    {
      "country": "Panamá",
      "dial_code": "+507",
      "code": "PA",
      "flag": "https://flagcdn.com/pa.svg",
      "emoji": "🇵🇦",
      "latinAmerica": true
    },
    {
      "country": "Papúa Nueva Guinea",
      "dial_code": "+675",
      "code": "PG",
      "flag": "https://flagcdn.com/pg.svg",
      "emoji": "🇵🇬",
      "latinAmerica": false
    },
    {
      "country": "Paraguay",
      "dial_code": "+595",
      "code": "PY",
      "flag": "https://flagcdn.com/py.svg",
      "emoji": "🇵🇾",
      "latinAmerica": true
    },
    {
      "country": "Perú",
      "dial_code": "+51",
      "code": "PE",
      "flag": "https://flagcdn.com/pe.svg",
      "emoji": "🇵🇪",
      "latinAmerica": true
    },
    {
      "country": "Polonia",
      "dial_code": "+48",
      "code": "PL",
      "flag": "https://flagcdn.com/pl.svg",
      "emoji": "🇵🇱",
      "latinAmerica": false
    },
    {
      "country": "Portugal",
      "dial_code": "+351",
      "code": "PT",
      "flag": "https://flagcdn.com/pt.svg",
      "emoji": "🇵🇹",
      "latinAmerica": false
    },
    {
      "country": "Reino Unido",
      "dial_code": "+44",
      "code": "GB",
      "flag": "https://flagcdn.com/gb.svg",
      "emoji": "🇬🇧",
      "latinAmerica": false
    },
    {
      "country": "República Centroafricana",
      "dial_code": "+236",
      "code": "CF",
      "flag": "https://flagcdn.com/cf.svg",
      "emoji": "🇨🇫",
      "latinAmerica": false
    },
    {
      "country": "República Checa",
      "dial_code": "+420",
      "code": "CZ",
      "flag": "https://flagcdn.com/cz.svg",
      "emoji": "🇨🇿",
      "latinAmerica": false
    },
    {
      "country": "República del Congo",
      "dial_code": "+243",
      "code": "CD",
      "flag": "https://flagcdn.com/cd.svg",
      "emoji": "🇨🇩",
      "latinAmerica": false
    },
    {
      "country": "República Dominicana",
      "dial_code": "+1 809",
      "code": "DO",
      "flag": "https://flagcdn.com/do.svg",
      "emoji": "🇩🇴",
      "latinAmerica": true
    },
    {
      "country": "Ruanda",
      "dial_code": "+250",
      "code": "RW",
      "flag": "https://flagcdn.com/rw.svg",
      "emoji": "🇷🇼",
      "latinAmerica": false
    },
    {
      "country": "Rumania",
      "dial_code": "+40",
      "code": "RO",
      "flag": "https://flagcdn.com/ro.svg",
      "emoji": "🇷🇴",
      "latinAmerica": false
    },
    {
      "country": "Rusia",
      "dial_code": "+7",
      "code": "RU",
      "flag": "https://flagcdn.com/ru.svg",
      "emoji": "🇷🇺",
      "latinAmerica": false
    },
    {
      "country": "Samoa",
      "dial_code": "+685",
      "code": "WS",
      "flag": "https://flagcdn.com/ws.svg",
      "emoji": "🇼🇸",
      "latinAmerica": false
    },
    {
      "country": "San Cristóbal y Nieves",
      "dial_code": "+1 869",
      "code": "KN",
      "flag": "https://flagcdn.com/kn.svg",
      "emoji": "🇰🇳",
      "latinAmerica": false
    },
    {
      "country": "San Marino",
      "dial_code": "+378",
      "code": "SM",
      "flag": "https://flagcdn.com/sm.svg",
      "emoji": "🇸🇲",
      "latinAmerica": false
    },
    {
      "country": "Santa Lucía",
      "dial_code": "+1 758",
      "code": "LC",
      "flag": "https://flagcdn.com/lc.svg",
      "emoji": "🇱🇨",
      "latinAmerica": false
    },
    {
      "country": "Santo Tomé y Príncipe",
      "dial_code": "+239",
      "code": "ST",
      "flag": "https://flagcdn.com/st.svg",
      "emoji": "🇸🇹",
      "latinAmerica": false
    },
    {
      "country": "San Vicente y las Granadinas",
      "dial_code": "+1 784",
      "code": "VC",
      "flag": "https://flagcdn.com/vc.svg",
      "emoji": "🇻🇨",
      "latinAmerica": false
    },
    {
      "country": "Senegal",
      "dial_code": "+221",
      "code": "SN",
      "flag": "https://flagcdn.com/sn.svg",
      "emoji": "🇸🇳",
      "latinAmerica": false
    },
    {
      "country": "Serbia",
      "dial_code": "+381",
      "code": "RS",
      "flag": "https://flagcdn.com/rs.svg",
      "emoji": "🇷🇸",
      "latinAmerica": false
    },
    {
      "country": "Seychelles",
      "dial_code": "+248",
      "code": "SC",
      "flag": "https://flagcdn.com/sc.svg",
      "emoji": "🇸🇨",
      "latinAmerica": false
    },
    {
      "country": "Sierra Leona",
      "dial_code": "+232",
      "code": "SL",
      "flag": "https://flagcdn.com/sl.svg",
      "emoji": "🇸🇱",
      "latinAmerica": false
    },
    {
      "country": "Singapur",
      "dial_code": "+65",
      "code": "SG",
      "flag": "https://flagcdn.com/sg.svg",
      "emoji": "🇸🇬",
      "latinAmerica": false
    },
    {
      "country": "Siria",
      "dial_code": "+963",
      "code": "SY",
      "flag": "https://flagcdn.com/sy.svg",
      "emoji": "🇸🇾",
      "latinAmerica": false
    },
    {
      "country": "Somalia",
      "dial_code": "+252",
      "code": "SO",
      "flag": "https://flagcdn.com/so.svg",
      "emoji": "🇸🇴",
      "latinAmerica": false
    },
    {
      "country": "Sri Lanka",
      "dial_code": "+94",
      "code": "LK",
      "flag": "https://flagcdn.com/lk.svg",
      "emoji": "🇱🇰",
      "latinAmerica": false
    },
    {
      "country": "Sudáfrica",
      "dial_code": "+27",
      "code": "ZA",
      "flag": "https://flagcdn.com/za.svg",
      "emoji": "🇿🇦",
      "latinAmerica": false
    },
    {
      "country": "Sudán",
      "dial_code": "+249",
      "code": "SD",
      "flag": "https://flagcdn.com/sd.svg",
      "emoji": "🇸🇩",
      "latinAmerica": false
    },
    {
      "country": "Sudán del Sur",
      "dial_code": "+211",
      "code": "SS",
      "flag": "https://flagcdn.com/ss.svg",
      "emoji": "🇸🇸",
      "latinAmerica": false
    },
    {
      "country": "Suecia",
      "dial_code": "+46",
      "code": "SE",
      "flag": "https://flagcdn.com/se.svg",
      "emoji": "🇸🇪",
      "latinAmerica": false
    },
    {
      "country": "Suiza",
      "dial_code": "+41",
      "code": "CH",
      "flag": "https://flagcdn.com/ch.svg",
      "emoji": "🇨🇭",
      "latinAmerica": false
    },
    {
      "country": "Surinam",
      "dial_code": "+597",
      "code": "SR",
      "flag": "https://flagcdn.com/sr.svg",
      "emoji": "🇸🇷",
      "latinAmerica": false
    },
    {
      "country": "Tailandia",
      "dial_code": "+66",
      "code": "TH",
      "flag": "https://flagcdn.com/th.svg",
      "emoji": "🇹🇭",
      "latinAmerica": false
    },
    {
      "country": "Tanzania",
      "dial_code": "+255",
      "code": "TZ",
      "flag": "https://flagcdn.com/tz.svg",
      "emoji": "🇹🇿",
      "latinAmerica": false
    },
    {
      "country": "Tayikistán",
      "dial_code": "+992",
      "code": "TJ",
      "flag": "https://flagcdn.com/tj.svg",
      "emoji": "🇹🇯",
      "latinAmerica": false
    },
    {
      "country": "Timor Oriental",
      "dial_code": "+670",
      "code": "TL",
      "flag": "https://flagcdn.com/tl.svg",
      "emoji": "🇹🇱",
      "latinAmerica": false
    },
    {
      "country": "Togo",
      "dial_code": "+228",
      "code": "TG",
      "flag": "https://flagcdn.com/tg.svg",
      "emoji": "🇹🇬",
      "latinAmerica": false
    },
    {
      "country": "Tonga",
      "dial_code": "+676",
      "code": "TO",
      "flag": "https://flagcdn.com/to.svg",
      "emoji": "🇹🇴",
      "latinAmerica": false
    },
    {
      "country": "Trinidad y Tobago",
      "dial_code": "+1 868",
      "code": "TT",
      "flag": "https://flagcdn.com/tt.svg",
      "emoji": "🇹🇹",
      "latinAmerica": false
    },
    {
      "country": "Túnez",
      "dial_code": "+216",
      "code": "TN",
      "flag": "https://flagcdn.com/tn.svg",
      "emoji": "🇹🇳",
      "latinAmerica": false
    },
    {
      "country": "Turkmenistán",
      "dial_code": "+993",
      "code": "TM",
      "flag": "https://flagcdn.com/tm.svg",
      "emoji": "🇹🇲",
      "latinAmerica": false
    },
    {
      "country": "Turquía",
      "dial_code": "+90",
      "code": "TR",
      "flag": "https://flagcdn.com/tr.svg",
      "emoji": "🇹🇷",
      "latinAmerica": false
    },
    {
      "country": "Tuvalu",
      "dial_code": "+688",
      "code": "TV",
      "flag": "https://flagcdn.com/tv.svg",
      "emoji": "🇹🇻",
      "latinAmerica": false
    },
    {
      "country": "Ucrania",
      "dial_code": "+380",
      "code": "UA",
      "flag": "https://flagcdn.com/ua.svg",
      "emoji": "🇺🇦",
      "latinAmerica": false
    },
    {
      "country": "Uganda",
      "dial_code": "+256",
      "code": "UG",
      "flag": "https://flagcdn.com/ug.svg",
      "emoji": "🇺🇬",
      "latinAmerica": false
    },
    {
      "country": "Uruguay",
      "dial_code": "+598",
      "code": "UY",
      "flag": "https://flagcdn.com/uy.svg",
      "emoji": "🇺🇾",
      "latinAmerica": true
    },
    {
      "country": "Uzbekistán",
      "dial_code": "+998",
      "code": "UZ",
      "flag": "https://flagcdn.com/uz.svg",
      "emoji": "🇺🇿",
      "latinAmerica": false
    },
    {
      "country": "Vanuatu",
      "dial_code": "+678",
      "code": "VU",
      "flag": "https://flagcdn.com/vu.svg",
      "emoji": "🇻🇺",
      "latinAmerica": false
    },
    {
      "country": "Venezuela",
      "dial_code": "+58",
      "code": "VE",
      "flag": "https://flagcdn.com/ve.svg",
      "emoji": "🇻🇪",
      "latinAmerica": true
    },
    {
      "country": "Vietnam",
      "dial_code": "+84",
      "code": "VN",
      "flag": "https://flagcdn.com/vn.svg",
      "emoji": "🇻🇳",
      "latinAmerica": false
    },
    {
      "country": "Yemen",
      "dial_code": "+967",
      "code": "YE",
      "flag": "https://flagcdn.com/ye.svg",
      "emoji": "🇾🇪",
      "latinAmerica": false
    },
    {
      "country": "Yibuti",
      "dial_code": "+253",
      "code": "DJ",
      "flag": "https://flagcdn.com/dj.svg",
      "emoji": "🇩🇯",
      "latinAmerica": false
    },
    {
      "country": "Zambia",
      "dial_code": "+260",
      "code": "ZM",
      "flag": "https://flagcdn.com/zm.svg",
      "emoji": "🇿🇲",
      "latinAmerica": false
    },
    {
      "country": "Zimbabue",
      "dial_code": "+263",
      "code": "ZW",
      "flag": "https://flagcdn.com/zw.svg",
      "emoji": "🇿🇼",
      "latinAmerica": false
    }
  ];